user,text,favorite_count,retweet_count,created_at
seawatch_intl,Conditions have continued to deteriorate since 2017. We demand that these blatant violations of people's rights cease immediately and that those who feel their rights have been violated are adequately compensated. (2/2),12,3,2023-04-03 10:42:51+00:00
seawatch_intl,"üî¥Italy violates the rights of people on the run. This is confirmed not only by NGOs but also by the European Court of Human Rights itself. The conditions at the Lampedusa hotspot constitute ""inhuman and degrading treatment."" (1/2) https://t.co/5qNpQ0wflu",45,18,2023-04-03 10:42:16+00:00
seawatch_intl,"We continue to fight for freedom of movement and the right of asylum for all and demand legal and safe escape routes. With the #SeaWatch5, we are setting a humanitarian example. Support the rebuilding &amp; our work with your donation: https://t.co/O1c1HnPAEh https://t.co/d0rpAjl1Q5",86,22,2023-04-02 16:40:08+00:00
seawatch_intl,"During this life-threatening interception by the Libyan patrol boat 644, an aircraft from the Armed Forces Malta was on-scene.
Despite the human rights abuses in Libya, people on the move continue to be intercepted and illegally returned with the support of the EU. https://t.co/D5y6eHMr6b",52,28,2023-04-01 16:01:05+00:00
seawatch_intl,"140 people were intercepted in the Mediterranean.
We watched today how the so-called Libyan Coast Guard intercepted three boats in distress. During one of these interceptions, several people fell overboard without life jackets. Fortunately, it seems that all of them survived. https://t.co/1YsAVAsLs9",159,70,2023-04-01 16:01:04+00:00
seawatch_intl,"We stand in solidarity with @RefugeesTunisia and their protest in front of the #UNHCR in Tunis.

The racist attacks, police violence &amp; hate against people on the move in the country must stop! https://t.co/64KcjUtWp3",42,20,2023-03-31 15:42:04+00:00
seawatch_intl,"According to the Tunisian News Agency, morgues and coroners in #Sfax are overwhelmed by the number of dead bodies of people on the move reported. Yet most of the dead remain in the sea. #Tunisia https://t.co/RrNx42hVJB",37,31,2023-03-31 13:51:44+00:00
seawatch_intl,"Urgently wanted: Able Seafarers and Deckhands for all our ships. Get active and support our work on the #SeaWatch3, #SeaWatch5, and #Aurora. Starting from now for the upcoming months. To join our crew, please apply via our website: https://t.co/cToGGoNnb9 https://t.co/Ek5Xv7IPnC",88,71,2023-03-30 11:53:50+00:00
seawatch_intl,Consequences of the new decree-law regulating civil sea rescue under Giorgia Meloni are immediately visible. We demand the immediate release of the @MVLouiseMichel &amp; a policy that prevents dying in the Mediterranean instead of accepting more deaths out of political calculation!,32,10,2023-03-29 15:58:18+00:00
seawatch_intl,"The demands on the Italian Coast Guard can hardly be overlooked. Yet, it is not an argument for the many people dying off the Italian coast. Instead of involving civil sea rescue ships in rescue operations, the Italian government blocks available sea rescue ships. https://t.co/yewFdQXBGA",39,13,2023-03-29 15:57:16+00:00
seawatch_intl,"The situation in the #Mediterranean is chaotic. Thousands of people have arrived on Lampedusa in recent weeks, some in entirely unseaworthy boats, bodies are still being recovered from the shipwreck off Crotone, and at least 29 people lost their lives off Tunisia at the weekend. https://t.co/coUjf0OVS5",135,59,2023-03-29 15:56:44+00:00
seawatch_intl,"UN investigation finds: The European support given to the so-called Libyan Coast Guard has aided and abetted crimes against humanity.

Will the @EU_Commission now finally ensure that technical, logistical and training support is stopped?
https://t.co/wrQtrFWcBZ",54,32,2023-03-29 11:47:11+00:00
seawatch_intl,"The civil fleet in the central Mediterranean rescues people who are leaving their homes in the hope of a life of freedom in Europe. With the #SeaWatch5, we can be there again soon. Support the reconstruction and our work with your donation: https://t.co/KCT9x1YHrU https://t.co/OwqNktPhc0",34,9,2023-03-29 07:02:19+00:00
seawatch_intl,"These are crimes that the #EU has known about for years. Yet it continues the policy of intercepting and returning people to #Libya. In doing so, the EU is aiding and abetting serious crimes, says the #UN. (5/5) https://t.co/Yleb8THsgx",24,5,2023-03-28 13:37:01+00:00
seawatch_intl,"In detention centers under the control of the so-called Libyan Coast Guard and other Libyan security forces, people are tortured, extorted, raped, and murdered. Others are sold like slaves and sexually exploited - a #CrimeAgainstHumanity. (4/5)",23,3,2023-03-28 13:37:00+00:00
seawatch_intl,The #EU's support to the so-called Libyan Coast Guard makes illegal interceptions and pullbacks to #Libya possible in the first place. It is a clear violation of the principle of the non-refoulment principle. Libya is not safe &amp; people face severe human rights violations. (3/5),19,5,2023-03-28 13:37:00+00:00
seawatch_intl,"In its final report, the @UN Fact-Finding Mission on #Libya concludes ""that Libyan security forces and armed militias committed a high number of #WarCrimes and #CrimesAgainstHumanity.""  (2/5) https://t.co/GxCNPFoFJ7",20,5,2023-03-28 13:36:59+00:00
seawatch_intl,"The #EU empowers the so-called Libyan Coast Guard to hinder people on the move from reaching Europe. According to #UN Fact-Finding Mission, EU member states are thus complicit in the worst abuses in #Libya. (1/5) https://t.co/CupYSDqORf",106,68,2023-03-28 13:36:59+00:00
seawatch_intl,"Those who rescue are now punished by Italy with 20 days of detention. While bodies wash up on Italian shores, civil sea rescue ships are blocked. This Italian decree will lead to even more deaths in the Mediterranean. In solidarity with the @MVLouiseMichel! https://t.co/OAFxbIBDtF",93,61,2023-03-28 07:54:20+00:00
seawatch_intl,"Countless people fleeing in distress at sea, shots fired by the so-called Libyan Coast Guard and the detention of @MVLouiseMichel by Italian authorities.

Jakob, member of our #Seabird crew, about the past weekend in the central Mediterranean: https://t.co/wEEXNyTdVe",90,41,2023-03-27 18:03:25+00:00
seawatch_intl,"Those who rescue get detained.
After saving 180 lives in the Mediterranean in the last few days, the @MVLouiseMichel was detained by Italian authorities.
Reason: the crew should have gone straight to a port after the first rescue &amp; ignored other distress calls. https://t.co/oeMIxRuRdJ",101,45,2023-03-26 10:09:02+00:00
seawatch_intl,"With further gunfire and life-threatening maneuvers, the sc. Libyan Coast Guard attempted to stop the boat, with one person falling into the water. All people were dragged back to Libya. Violence and a breach of international law - commissioned and paid for by the EU.",77,32,2023-03-25 18:26:47+00:00
seawatch_intl,"In international waters, the so-called Libyan Coast Guard threatened the crew of the Ocean Viking, attacking them by shooting into the air, preventing them from rescuing the people in distress. As a result, the Ocean Viking was forced to leave the scene.",66,21,2023-03-25 18:26:47+00:00
seawatch_intl,"üî¥Shots fired during rescue operation!

Today we witnessed the attack on the crew of @SOSMedIntl and people in a boat in distress. After a distress call from @alarm_phone, our search plane Seabird, Ocean Viking, and a ship of the so-called Libyan Coast Guard were on the scene. https://t.co/ulW33x447W",446,335,2023-03-25 18:26:46+00:00
seawatch_intl,"We call on #Malta to live up to their responsibility and act immediately to ensure the safety of these people. Lives are at stake.
(3/3) https://t.co/uWGkW3TrkE",32,9,2023-03-24 18:06:46+00:00
seawatch_intl,"We have forwarded all the boats to the Maltese rescue coordination center but have not received any response so far. We also contacted the Libyan rescue coordination center, but no one there is able to speak English.
(2/3) https://t.co/lWSbW8pYWn",40,12,2023-03-24 18:06:12+00:00
seawatch_intl,"Our #Seabird reconnaissance aircraft found 17 boats in distress in the central Mediterranean today. Many are built of sheet metal, some of them unable to maneuver without a running engine.
(1/3) https://t.co/GfHbftQ0Tu",90,34,2023-03-24 18:01:29+00:00
seawatch_intl,"In 45 countries in Africa and the Middle East, #LGBTQIA+ people are persecuted. In #Uganda, the law is now being drastically tightened. For many people, the only chance of a free &amp; self-determined life remains the dangerous flight across the central Mediterranean. https://t.co/XigIS9GQbe",29,10,2023-03-23 17:59:11+00:00
seawatch_intl,"(2/2)
Today &amp; every day, we support people affected by racism and fight against racist societal structures. For a world where people do not have to fear violence and discrimination. #InternationalDayAgainstRacism",23,9,2023-03-21 18:12:10+00:00
seawatch_intl,"(1/2)
Daniel*(name changed) talks about the racism he experienced in Libya. Anti-black racism causes exclusion, calculated deaths, murders, and racist police violence worldwide. The list of victims is endless and shows that racism is global and omnipresent. https://t.co/u2n43rwQb1",92,49,2023-03-21 18:11:55+00:00
seawatch_intl,Let's listen to the people affected and learn how to become active together against #racism - not only today on March 21 but every day.,22,5,2023-03-21 11:45:10+00:00
seawatch_intl,"For decades, activists and survivors of racist violence have been fighting racist structures of oppression and demanding justice. Today, on the International Day against #Racism, we stand in solidarity with all victims of racist violence.",24,6,2023-03-21 11:45:09+00:00
seawatch_intl,The #EU's racist border regime is killing: More than 331 people have already lost their lives this year in the central Mediterranean. Drowned because Europe didn't want to rescue them. Drowned because they had the supposedly wrong skin color or passport. https://t.co/YRYVqEbrJH,284,159,2023-03-21 11:45:09+00:00
seawatch_intl,Civil sea rescue is urgently needed in the Central Mediterranean Sea! Our shipyard crew is putting all its energy into the conversion work so that we can soon leave the port of Flensburg with the Sea-Watch 5. Support the work with your donation! https://t.co/oEVY8pHcS6 https://t.co/a6Rc1Ayo4Z,34,8,2023-03-20 16:00:11+00:00
seawatch_intl,"In Tunisia Talks, the #EU must privilege #HumanRights over politics and their interests in migration control now. More info: https://t.co/NNIyN8nM0U",3,3,2023-03-20 14:49:20+00:00
seawatch_intl,"Last week, also the European Parliament voted overwhelmingly in favor of an urgent resolution condemning the crackdown on judicial independence, freedom of expression, and association in #Tunisia.",3,1,2023-03-20 14:49:19+00:00
seawatch_intl,"An open letter of @Amnestyintl, @HRW, @EuroMedRights and @ICJ_org called on @JosepBorrellF and the respective Ministers of Foreign Affairs of all #EU member states to publicly press the Tunisian authorities to reverse their crackdown: https://t.co/UWDIR3to9y",2,1,2023-03-20 14:49:19+00:00
seawatch_intl,"In #Tunesia talks, the #EU has to focus on human rights instead of enhancing further externalization policies, paying Tunisia to seal off EU borders, keep people in overcrowded reception centers, and take over European migration control.",1,1,2023-03-20 14:49:18+00:00
seawatch_intl,"After a hateful speech by president Saied, violence against people of color and migrants escalated in the streets of #Tunis, and numerous people were seriously injured during recent racist attacks.",1,1,2023-03-20 14:49:18+00:00
seawatch_intl,"In the past few weeks, #Tunisia's President Kais Saied's government has rounded up opponents, curbed judicial independence, crushed freedom of expression, and incited hatred against people of color, migrants, and people on the move.",1,1,2023-03-20 14:49:17+00:00
seawatch_intl,"Today is the Foreign Affairs Council meeting, where #EU foreign affairs ministers will discuss the latest violent crackdowns in #Tunisia. Recent #EU statements have failed to acknowledge, let alone condemn, the country's rapidly deteriorating human rights situation.",15,3,2023-03-20 14:49:17+00:00
seawatch_intl,At least 331 people drowned in the first 76 days of 2023 according to @UNmigration. The European policy of sealing off and blocking civilian #SeaRescue will not lead to fewer people fleeing but to more deaths at Europe's borders. We demand safe and legal routes to Europe now! https://t.co/l7vVp3LJW4,139,86,2023-03-17 18:37:15+00:00
seawatch_intl,‚ÄúYou have blood on your hands. We do not just demand safe and legal escape routes. We demand that those involved are held accountable for their actions.‚Äù - Airborne Tactical Coordinator Samira about the distress case leaving 30 people dead on the weekend: https://t.co/smPBF7g3Mi,181,83,2023-03-15 16:20:10+00:00
seawatch_intl,"Fatal delays: 30 lives lost due to European non-assistance!

Our reconstruction of the incident using original audio of the communications between our aircraft #Seabird, merchant vessels near the boat in distress, as well as Libyan and Italian rescue coordination centers: https://t.co/3GT3i2ZfCi",119,71,2023-03-14 17:02:42+00:00
seawatch_intl,https://t.co/BElnAHhprv,28,14,2023-03-14 13:54:27+00:00
seawatch_intl,"üî¥ Joint statement: Again, 30 people drowned due to deliberate delays in European rescue activity. Only 2 weeks after the politically induced shipwreck off #Crotone. Together with @alarm_phone &amp; @RescueMed, we demand a European sea rescue program &amp; safe migration routes for all. https://t.co/772mMjWDy4",333,182,2023-03-14 11:52:06+00:00
seawatch_intl,"@alarm_phone No rescue is initiated overnight. In the early morning of March 12, the boat of which all the relevant authorities were aware capsizes while the merchant ship FROLAND rescues 17 people. 30 people remain missing. #Italy, #Europe - these deaths are on you.

(8/8)",269,74,2023-03-13 17:54:00+00:00
seawatch_intl,"@alarm_phone At 5.02 pm, we call #Rome again and ask who is now taking responsibility for the rescue. We do not get an answer; the Italian rescue coordination center hangs up. At this point, 47 people are in immediate danger of drowning.

(7/8) https://t.co/pVG2xKoKKi",569,258,2023-03-13 17:53:26+00:00
seawatch_intl,"@alarm_phone At 4.51 pm, we reach someone in #Libya again. We get confirmation: The patrol boats in Benghazi are not equipped for the weather conditions. Libya cannot rescue, will not rescue, and is not coordinating a rescue by the Basilis L merchant ship.

(6/8)",97,23,2023-03-13 17:52:23+00:00
seawatch_intl,"@alarm_phone At the same time, via radio, #Seabird2 reaches the merchant ship Basilis L in the vicinity of the boat in distress. It has already received instructions from #Italy to listen only to the so-called Libyan Coast Guard. We do not learn whether a rescue will be initiated.

(5/8)",88,18,2023-03-13 17:51:53+00:00
seawatch_intl,"@alarm_phone We call the rescue coordination center in Libya. The port authority in Benghazi cannot be reached, and it turns out that so far, neither #Italy nor #Libya is organizing the urgently needed rescue of the 47 people. Italy does not react to this information.

(4/8)",93,18,2023-03-13 17:51:18+00:00
seawatch_intl,"@alarm_phone Immediately two emails are sent to the Italian rescue coordination center in #Rome. As the boat is in the Libyan search and rescue zone, #Italy wants nothing to do with the rescue and refers to the so-called Libyan Coast Guard.

(3/8)",95,18,2023-03-13 17:50:48+00:00
seawatch_intl,"Saturday morning, 10.32 am: 9 hours after @alarm_phone reported the first distress call, our Airborne crew sights the boat with 47 people on board. 2 minutes later, #Seabird2 sends a Mayday Relay to all stations. The coordinates are given. A rescue is urgent.

(2/8)",97,18,2023-03-13 17:50:27+00:00
seawatch_intl,"The boat in distress at sea was known to the authorities and ended deadly. While the Italian government obstructs civil sea rescue, and its own Coast Guard is visibly overwhelmed, distress calls go unanswered. #Italy watched 30 people drown!
A thread

(1/8) https://t.co/y2aeZz0pB5",681,361,2023-03-13 17:50:06+00:00
seawatch_intl,Read more here: https://t.co/GvilkcLsP3,50,16,2023-03-12 19:32:39+00:00
seawatch_intl,"Only 17 of the people in this picture were rescued by a merchant vessel, and 30 are missing. The case was known to the authorities for over 24 hours. They just knowingly let them drown. https://t.co/du5qTP6WBA",462,324,2023-03-12 19:32:38+00:00
seawatch_intl,"The words should not only be addressed to the Italian Interior Minister #Piantedosi, but to the whole Italian #government, the whole #European Union. They are watching people drowning. https://t.co/OTpCUe9BpW",17,10,2023-03-12 11:44:35+00:00
seawatch_intl,"At a memorial event on #Lampedusa, all those who lost their lives at Europe's external borders in the fight for freedom were remembered. The occasion was a dead body found on the beach a few days ago. https://t.co/PGuhaEws0L",85,40,2023-03-12 11:44:05+00:00
seawatch_intl,"The people must be rescued now before more people die trying to reach safety. Italy and the EU countries must assume responsibility for sea rescue and protect the lives of people on the move. Now, immediately, in this case. In general, in every case.",66,26,2023-03-11 17:16:41+00:00
seawatch_intl,"After calling the Libyan rescue center, they confirmed they would not send a ship. When we reach the Italian MRCC again with the question of who will take over coordination and responsibility for the people, the officer in charge hangs up. https://t.co/cMVcqWIVMO",79,44,2023-03-11 17:16:40+00:00
seawatch_intl,"üî¥ Time is running out to rescue ~50 people on board this boat. The distress case is drifting in the high waves. A nearby merchant ship is not equipped for rescues and has been ordered by Italian authorities to wait for the sc. Libyan Coast Guard, but they do not come. https://t.co/5VNPPbcKPk",227,107,2023-03-11 17:16:39+00:00
seawatch_intl,"For three days in a row, our #Airborne crew flew to the maximum and was able to sight 41 boats in distress. With them, overstretching, miscalculations and inaction on the part of the authorities became visible. Our Tactical Coordinator Leona on the situation in the Central Med: https://t.co/SwkJCFPkpb",75,35,2023-03-11 15:51:03+00:00
seawatch_intl,https://t.co/VtZqlEViqY,18,8,2023-03-10 18:33:10+00:00
seawatch_intl,"(3/3) The Tunisian coast guard simultaneously deported people to Tunisia against their will. Italy's racist migration policy is not working ‚Äì despite blocked sea rescue ships, 1,800 people arrived in #Lampedusa yesterday.",37,13,2023-03-10 18:23:46+00:00
seawatch_intl,"(2/3) Malta does not lift a finger in its own rescue zone. After more than 15 hours and countless calls and radio messages to the rescue coordination center in Rome, the ~50 people are rescued by the üáÆüáπ coast guard during the night. The MARBELLA by their side until the end.",39,15,2023-03-10 18:23:30+00:00
seawatch_intl,"(1/3)üî¥Malta calls on merchant vessel not to rescue
17 boats in distress with over 550 people were sighted by our #Seabird yesterday. We informed the merchant vessel MARBELLA of a distress at sea. It wanted to help, but Maltese authorities requested not to intervene.",91,58,2023-03-10 18:22:01+00:00
seawatch_intl,"In the last two days #Seabird sighted 36 boats in distress. The #Italian coast guard has tried to rescue another 7 boats with their already overcrowded boat. Meanwhile, the Italian sea rescue coordination center ignores the support offered by civil sea rescue organizations. https://t.co/NfGJ3BmksH",78,39,2023-03-10 13:59:50+00:00
seawatch_intl,"The #Lampedusa Hotspot needs an internet connection! People on the move need to be able to research their opportunities, develop plans and get in contact with their families and friends! 

Read the joint statement of 11 search and rescue organizations here: https://t.co/dLsKgTik02",32,11,2023-03-10 11:58:24+00:00
seawatch_intl,"With the #Seabird, we have observed misjudgement and excessive demands on the part of the #Italian authorities in the past few days. Now about 500 people have to be rescued immediately! https://t.co/fQRqVanG8r",53,18,2023-03-10 10:33:57+00:00
seawatch_intl,"(3) The situation continues to be unclear, but we estimate over 1,000 people in distress at sea yesterday. It is already known that one of the boats capsized off the coast of #Lampedusa. 20 people could be rescued, for a young woman all help came too late. https://t.co/qNLenWrSlO",31,14,2023-03-09 17:18:30+00:00
seawatch_intl,"(2) A completely overcrowded Italian Coast Guard boat tried to rescue 7 other boats. Assistance offered by Seabird was ignored by the rescue coordination centre. Instead of involving civil rescue vessels, a tanker not designed for rescues was called to assist. https://t.co/jMlvxCQ7ag",40,9,2023-03-09 17:17:41+00:00
seawatch_intl,"(1) Our search plane #Seabird discovered 19 boats in distress yesterday. #Italian authorities have put countless lives at risk due to misjudgement and excessive demands, while civil organizations are prevented from rescuing people for political reasons. https://t.co/ysT3shaEmZ",150,51,2023-03-09 17:15:53+00:00
seawatch_intl,Follow the Trial against #Frontex today. It is time to hold those responsible for human rights violations and deaths at Europe's external borders accountable. https://t.co/TjYTmcvkFQ,52,26,2023-03-09 10:53:43+00:00
seawatch_intl,"As a sea rescue organization, we fight against the racist EU border regime. But different forms of discrimination cannot be considered separately. Sea rescue must always be feminist as well. #8M2023",23,2,2023-03-08 15:04:27+00:00
seawatch_intl,"On March 8 - and every day - we fight together against sexism and patriarchy. Instead of pseudo-feminist foreign policy or women's quotas in leadership positions: For radical equality of all (!) genders, without leaving other systems of oppression out of sight. https://t.co/JmiZU2PgKi",178,20,2023-03-08 15:04:26+00:00
seawatch_intl,"@women_in_exile Refugee women founded @women_in_exile in 2002 to fight for their rights.
‚ÄúBreaking Borders to Build Bridges‚Äù brings together texts about fleeing, surviving, &amp; 20 years of organizing as a refugee women‚Äôs group fighting for freedom of movement &amp; the abolishment of all camps.
(4/4) https://t.co/xSBrngU9UA",13,3,2023-03-08 10:14:53+00:00
seawatch_intl,"@women_in_exile ‚ÄúFor the rights of those lucky enough to reach the shores of #FortressEurope. Especially women and children who are more vulnerable to these dangerous journeys.‚Äù
(3/4) https://t.co/kyUeuPat8F",18,5,2023-03-08 10:14:00+00:00
seawatch_intl,"@women_in_exile ‚ÄúAs long as people cannot cross borders freely and these borders are controlled by forces subsidized and militarized by the European Union, we will continue ‚ÄúBreaking Borders to Build Bridges‚Äù. To fight #racism, #sexism, and all types of discrimination.
(2/4)",13,3,2023-03-08 10:13:13+00:00
seawatch_intl,".@women_in_exile on #8M2023:
‚ÄúMany people are forced to risk to escape through dangerous routes because of the hindrances of freedom of movement, such as border guards, controls, and high wired fences.
This is nothing new. It is history repeating itself.
(1/4) https://t.co/QV3FKSEWA2",44,11,2023-03-08 10:12:42+00:00
seawatch_intl,"Despite all the difficulties, we continue to fight for the right to life. But to save lives in the Mediterranean Sea, we need rescue ships above all. Support us now with a donation to make the #SeaWatch5 ready to rescue as soon as possible: https://t.co/HlelUynAoj",27,9,2023-03-04 15:58:28+00:00
seawatch_intl,"We are working at full speed to get the #SeaWatch5 into operation. Because she is urgently needed: While Italy continues to make sea rescue more difficult by law and block rescue ships, last Sunday at least 68 people drowned off the coast of #Crotone. https://t.co/5Ml2wx0igQ",190,46,2023-03-04 15:58:27+00:00
seawatch_intl,"As civil fleet, we stand united against the criminalization of sea rescue, which leads to even more deaths in the #Mediterranean, and demand the release of the #GeoBarents.

Sea rescue is not a crime!",46,16,2023-03-03 10:29:56+00:00
seawatch_intl,"We stand in #solidarity with the #GeoBarents!
After her last mission, in which 48 people were rescued from distress at sea, the Geo Barents was seized by Italy. @MSF_Sea is now to pay a fine of 10,000 euros due to the new Italian law. https://t.co/0Vs5KPimpL",280,80,2023-03-03 10:29:54+00:00
seawatch_intl,"#Leijtens must now follow up his promises with action. That means ensuring an immediate end to @Frontex operations in the Central Mediterranean.

Our open letter and demands with 19 other organizations: https://t.co/4q3p1Qx2wZ",21,13,2023-03-02 16:41:57+00:00
seawatch_intl,"""I am responsible for the fact that my people don‚Äòt participate in anything called a pushback"" said the new @Frontex director #Leijtens before taking office.",32,16,2023-03-02 16:41:57+00:00
seawatch_intl,"As search and rescue NGOs, we demand that @Frontex lives up to #Leijtens alleged three ‚Äúguiding principles‚Äú: ‚Äúaccountability, respect for fundamental rights and transparency‚Äú. The first act of #Leijtens should be therefore to terminate Frontex operations in the Central Med.",13,2,2023-03-02 11:30:44+00:00
seawatch_intl,"#Frontex has been involved in countless scandals, trying to hide the agency‚Äòs involvement in countless human rights violations: From #Pushbacks in the Aegean to the coordination of illegal #Pullbacks by the so-called Libyan Coast Guard, to the manipulation of internal reports.",18,8,2023-03-02 11:30:44+00:00
seawatch_intl,"Today, together with 19 civil organizations engaged in Search and Rescue activities, we sent an open letter to the new @Frontex director Hans #Leijtens to live up to his promises. As Leijtens said in a press conference: ‚ÄúThere should be absolutely nothing to hide‚Äú. https://t.co/bshvChl8vw",60,24,2023-03-02 11:30:43+00:00
seawatch_intl,We demand immediate clarification of this incident and share our thoughts with the victims‚Äô families during this difficult time.,26,5,2023-03-01 13:55:45+00:00
seawatch_intl,"According to the Commander of the #Crotone Coast Guard, their ""patrol boats could have sailed even in force eight seas."" So why let unsuitable patrol boats of the financial police intervene that were then forced to return, leaving the people in distress at the mercy of the sea?",30,6,2023-03-01 13:55:29+00:00
seawatch_intl,"The Coast Guard itself, in 2017, acted considering ""every overcrowded boat a SAR case in itself‚Äú. So who in #Rome was responsible for not giving the order to the #Crotone Coast Guard to take action?",20,6,2023-03-01 13:55:05+00:00
seawatch_intl,"How is it possible that the Italian National Coordination Center (NCC), which is based at the Ministry of Interior, classified the case of a boat with ~200 people on board in a sea with waves up to 2.5 meters, as a ""police operation"" and not a ""Search and Rescue"" (SAR) event?",30,8,2023-03-01 13:54:48+00:00
seawatch_intl,"67 bodies recovered, dozens still missing.

The policy of handling boats in distress at sea from a perspective of repression and not rescue, introduced in 2019, led to the worst mass die-off in recent years on the Italian coast on Sunday. #Crotone https://t.co/7fdu0h32mK",147,68,2023-03-01 13:54:33+00:00
seawatch_intl,"A sports hall was turned into a funeral hall for the 66 people who were found dead after the shipwreck in #Crotone.

After the serious shipwreck off Lampedusa in 2013, EU politicians said: ""This must never happen again.""

Europe, these deaths are yours! https://t.co/PArb3AYgDc",284,128,2023-03-01 10:59:46+00:00
seawatch_intl,"The shipwreck off the Italian coast near Crotone with more than 60 fatalities is the direct consequence of an #EU border policy that forces people onto even longer and more dangerous escape routes.
Our thoughts go out to the relatives and friends who have lost their loved ones. https://t.co/mxxnssXnrm",588,297,2023-02-27 12:44:54+00:00
seawatch_intl,"hypocrisy

/h…™Ààp…íkr…ôsi/

noun

1.the practice of claiming to have higher standards or more noble beliefs than is the case. https://t.co/7qfNV98A7K",280,106,2023-02-26 18:05:23+00:00
seawatch_intl,"Another catastrophe at the borders of a European Union that forces people to flee across the sea as a last resort. In mourning for the dead, in thoughts with survivors and relatives. 

Stop the dying. For safe and legal escape routes. https://t.co/087ZiVtUFk",130,44,2023-02-26 13:44:35+00:00
seawatch_intl,"The war of aggression on Ukraine has abruptly turned millions into people on the move. The campaign of @BorderlineEurop shows that legal flight from war &amp; displacement is possible. Must be possible.
Against criminalization - for safe &amp; legal entry routes for all! https://t.co/BlP9o8WbHk",16,10,2023-02-24 15:26:58+00:00
seawatch_intl,We have many different positions in our Airborne crew for our aerial reconnaissance operations together with @HPISwiss. Find out what the tasks of our Crew Chief Alex are in the video! https://t.co/9QiINPaENS,25,10,2023-02-24 14:16:00+00:00
seawatch_intl,"Last Saturday, a woman died there. Not the first in the past months. That this kind of situation keeps happening is no surprise. It‚Äôs an intentional political failure of the European Union. https://t.co/yKlZpjSy0s",22,13,2023-02-22 16:24:05+00:00
seawatch_intl,"In the past few days, more than 3,000 people have been in the hotspot on #Lampedusa, which has been set up for 389 people seeking protection. What they need: clean drinking water and medical care. What they get: an overcrowded place and overburdened authorities. https://t.co/BmwAbojvg0",37,15,2023-02-22 16:23:40+00:00
seawatch_intl,"#Seabird2 spotted 2 boats with about 55 people in distress that @alarm_phone already informed authorities about yesterday. Nevertheless, #Malta ordered a nearby vessel not to rescue. This is unacceptable: those in distress must be rescued immediately. https://t.co/K7zd6q2Efh https://t.co/8zqyPfFvMQ",36,16,2023-02-20 19:08:06+00:00
seawatch_intl,"Our guests spend days, sometimes weeks, on board during our rescue operations. The weather on the open sea is often rough and cold, and the tent allows us to provide a minimum of protection from it.

Support us now to get the #SeaWatch5 ready to rescue: https://t.co/HlelUynAoj",30,10,2023-02-20 16:24:44+00:00
seawatch_intl,"The reconstruction of our #SeaWatch5 in the shipyard is progressing in big steps. We are covering the entire deck area with a large tent construction. Hundreds of steel struts will later form the roof and walls, allowing us to protect the whole deck from the elements. https://t.co/tP02zJyVsb",76,16,2023-02-20 16:24:05+00:00
seawatch_intl,The Italian government: working hard to finance and support human rights violations in Libya. https://t.co/e1vqyh39KJ,79,30,2023-02-20 14:21:45+00:00
seawatch_intl,"Our rescue operations take place outside Libyan waters, and as a rule, outside this contiguous zone.

You can find all our #FAQs on our website:¬†https://t.co/ZTkETg6PLH",14,2,2023-02-18 14:21:55+00:00
seawatch_intl,"Civil rescue ships in the central Mediterranean operate in int. waters north of Libya. The territorial waters extend 12 nautical miles off the shoreline. Beyond them lies the so-called contiguous zone up to 24 nm, in which the state has certain rights, e.g., criminal prosecution. https://t.co/mPGnaQBkyG",70,22,2023-02-18 14:21:38+00:00
seawatch_intl,"@volker_turk T√ºrk calls on the Italian government to withdraw the proposed law - we can only agree!

Here you can find the press release of @UNHumanRights with more information: https://t.co/aSumYgupxv",11,4,2023-02-17 14:47:36+00:00
seawatch_intl,"@volker_turk A law that would ‚Äúeffectively punish both migrants and those who seek to help them.‚Äù @volker_turk also mentioned the increased risk of interceptions and illegal #pullbacks to #Libya - which is not a safe port, as the #UN Human Rights Office repeatedly states. https://t.co/tynnFxFMcJ",22,6,2023-02-17 14:47:04+00:00
seawatch_intl,"The United Nations High Commissioner for Human Rights, @volker_turk, joins international condemnation of the Italian government decree, which the Italian parliament voted Wednesday to turn into law. https://t.co/S3zldjtQ7Q",34,10,2023-02-17 14:46:26+00:00
seawatch_intl,"At the same time over the last years there are significantly more illegal returns to #Libya by the so-called Libyan Coast Guard.

You can find all our FAQs on our website: https://t.co/ZTkETg6PLH",11,3,2023-02-17 10:05:24+00:00
seawatch_intl,"The #EU has over 450 million inhabitants. The arriving people seeking protection thus represent a small percentage of the people living in the EU.
The absolute numbers of arrivals have been steadily decreasing in recent years.",16,7,2023-02-17 10:05:24+00:00
seawatch_intl,"Worldwide 80 million people are displaced. Since 2015, according to official figures, just under 1.9 million people have arrived in Europe by sea. Only a fraction of the people fleeing worldwide seek and find their way to Europe. #FAQs https://t.co/CgLiXrR6vI",78,25,2023-02-17 10:05:23+00:00
seawatch_intl,"While Italy's parliament voted to further restrict civil sea rescue yesterday, at least 73 people have lost their lives in a shipwreck in the Mediterranean.

The #ItalianDecree will ensure that there will be more loss of lives. It is an official incitement to let people drown: https://t.co/zDVxwW3PgO",247,100,2023-02-16 15:49:50+00:00
seawatch_intl,"Our thoughts are with the bereaved, friends, and their families.

As long as there are no safe escape routes from Libya and no effective sea rescue in the Mediterranean, people will continue to die. 

Their deaths could have been avoided.",33,5,2023-02-15 16:43:49+00:00
seawatch_intl,"At least 73 people are reported drowned or missing after a shipwreck. According to IOM, the boat carrying 80 people to Europe capsized yesterday off the Libyan coast. Only seven people survived the accident, and numerous bodies washed up on the shore today. https://t.co/nvs2dFVJ7I",134,88,2023-02-15 16:43:48+00:00
seawatch_intl,"‚ö´ The Italian parliament has voted to convert the decree into law.
An inhuman regulation that criminalizes the activity of civil rescue ships - contradicting international law and human rights.
A propaganda law that will cause more deaths in the #Mediterranean. https://t.co/9XfhyibZvP",142,76,2023-02-15 12:53:12+00:00
seawatch_intl,You can find all our #FAQs on our website: https://t.co/ZTkETg6PLH,12,3,2023-02-15 10:22:28+00:00
seawatch_intl,"We cannot stand by and watch this happen. No person should die trying to cross borders. Therefore, #SeaWatch demands safe and legal escape routes, #SafePassage and freedom of movement for all.",24,7,2023-02-15 10:22:28+00:00
seawatch_intl,"Instead of organizing sea rescue and ensuring that lives are saved, the #EuropeanUnion continues to shield itself and lets people drown in the #Mediterranean in a calculated manner.",19,7,2023-02-15 10:22:27+00:00
seawatch_intl,"The #Mediterranean Sea is the deadliest border in the world. More than 25,000 people have died crossing it since 2014. To find protection in #Europe and claim their right to a fair asylum procedure people are forced to cross in unseaworthy boats. https://t.co/jaCU1dNlUp",85,45,2023-02-15 10:22:27+00:00
seawatch_intl,"It is good that German MPs find clear words against the üáÆüáπ decree in the appeal. However, we expect them to also adhere to their own coalition agreement. This means: sea rescue must not be blocked, illegal push- &amp; pullbacks &amp; the suffering at the external borders must be ended!",9,4,2023-02-14 17:19:15+00:00
seawatch_intl,"They ""appeal to the üáÆüáπ Parliament to consider, in the context of this vote, the legitimate concerns about the decree‚Äôs implications for human lives at sea."" - which, consequently, can only mean a rejection as the decree contradicts applicable law and will lead to more deaths. https://t.co/GeCwIJof9e",14,5,2023-02-14 17:18:51+00:00
seawatch_intl,"German MPs from all governing parties have written to the Italian Parliament.
After CoE &amp; the LIBE Committee of the European Parliament, 65 members of the German Bundestag now emphasize the unlawfulness of the Italian decree as well, which is soon to be turned into a law. https://t.co/v6vAbYnIZU",37,15,2023-02-14 17:18:07+00:00
seawatch_intl,"@soshumanity_en Each time it is the courts‚Äô turn to reiterate what should be obvious: rescuing is not a crime!
Every criminalization attempt against sea rescue organizations is exposed for what it is: unlawful.

https://t.co/lzQYkanfhc https://t.co/iaSicTAXnH",37,11,2023-02-13 14:28:23+00:00
seawatch_intl,"The court of Catania has declared illegal the decree of the Italian government, which in November 2022 denied the disembarkation in #Italy of part of the people rescued by @soshumanity_en. https://t.co/r82OJ1ATQt",46,11,2023-02-13 14:25:46+00:00
seawatch_intl,"We‚Äôve asked some of our crew members a couple of questions to get to know them better.
Introducing Ayla today, one of our medics: https://t.co/N4gtTbsbgs",45,9,2023-02-12 18:00:01+00:00
seawatch_intl,"On the #SeaWatch5, our shipyard crew continues to work diligently. Crew member Alice tells us how the work is organized and what is currently being built and painted. https://t.co/Y2ytIl8aLQ",42,6,2023-02-11 09:51:46+00:00
seawatch_intl,"The #EUCO agreed on further isolation, increased cooperation with third countries, full support for #Frontex, &amp; more deportations.
If the #EU wants to preserve even a shred of decency, it should finally take responsibility and focus on human rights instead of violence! https://t.co/XUvX6OeXOZ",20,8,2023-02-10 14:48:34+00:00
seawatch_intl,"The #EU governments must finally take responsibility: Provide safe &amp; legal pathways to Europe, protect human rights, ensure fair asylum procedures and organize the reception of people seeking protection in Europe in solidarity.",19,7,2023-02-09 11:19:25+00:00
seawatch_intl,"More pullbacks, pushbacks, and further militarization of #EU's external borders are a devastating path to take. Since 2016, the #EU has been pursuing a brutal policy of sealing off, which has not solved any of the problems - only increasing the suffering of people on the move.",20,7,2023-02-09 11:19:24+00:00
seawatch_intl,"In the future, the #EU plans to openly cooperate with the so-called Libyan Coast Guard in intercepting people at sea and returning them forcefully back to #Libya. Over 59 million Euros are now on the table to fund illegal and violent #pullbacks.",16,6,2023-02-09 11:19:24+00:00
seawatch_intl,"Today (once again) an #EU special summit on migration takes place. The presidency of the far-right Sweden Democrats will try to push an anti-human rights agenda.

Ursula @Vonderleyen's EU continues to rely on violence, human rights abuses and deterrence:",48,19,2023-02-09 11:19:24+00:00
seawatch_intl,"Since 2017, we have been supporting the civil fleet in the central #Mediterranean with our aircraft. Documenting human rights violations is also part of the tasks of our Airborne crew.

Support our work with your donation or become a supporting member: https://t.co/AtYsXeYuHb https://t.co/jJHxAhDx0r",36,12,2023-02-08 14:00:02+00:00
seawatch_intl,"The occasion is the massacre in #Ceuta, where at least 15 people were shot dead on Tarajal beach on 06.02.2014. Too many people have lost their lives to due to Europe's deadly and racist border regime. 

The fight for #freedomofmovement continues. https://t.co/uafTufGfpO",18,10,2023-02-07 14:18:24+00:00
seawatch_intl,"In memory of all the dead, missing and disappeared at Europe's borders, activists gathered in many places yesterday. Also on Lampedusa, where last week alone 12 dead people were found after trying to flee across the Mediterranean. #CommemorAction https://t.co/sZJC0E0LIX",124,44,2023-02-07 14:18:23+00:00
seawatch_intl,"Following a protest of the Council of Europe and criticism of @Amnesty on the legality of the Italian decree, @MSF_Sea has now also lodged an appeal against the newly established practice of assigning distant ports for civil rescue ships by üáÆüáπ authorities. Well done! https://t.co/Y83o0OSsIY",28,16,2023-02-07 13:58:51+00:00
seawatch_intl,"This persecution attempt is beyond words. We stand in solidarity with M.M. and all other people on the move being criminalized. #DropTheCharges 
Sign the petition: https://t.co/AkDzYwC1Ly https://t.co/6gV5yko7py",11,8,2023-02-07 11:33:57+00:00
seawatch_intl,"More patrol boats for the so-called Libyan Coast Guard will not help- but will only lead to more #deaths, illegal #pullbacks and tragedies on the #Mediterranean.",20,8,2023-02-06 15:24:23+00:00
seawatch_intl,"Last Thursday #Seabird found a boat that had been at sea for six days &amp; #SeaEye4 was able to take the survivors on board in a dramatic rescue. Sadly, two people could only be recovered dead. Another 2 persons had to be evacuated by helicopter, and one died in the hospital. https://t.co/SZVOGvaiNN",35,14,2023-02-06 15:24:22+00:00
seawatch_intl,"In the last few days alone, 12 bodies have arrived on #Lampedusa, and two more people are missing. One woman arrived in Lampedusa clinging to a life ring, possibly the only survivor of a #shipwreck.",27,15,2023-02-06 15:24:21+00:00
seawatch_intl,"Today in Adria, the üáÆüáπ government hands over a new patrol boat to #Libya to expand violent and illegal pullbacks in the Mediterranean. For the first time, in a public ceremony with representatives of the #EU.

Meanwhile, people continue to die at sea. https://t.co/uXoMhdtsyS",159,92,2023-02-06 15:24:21+00:00
seawatch_intl,"Today #CommemorAction events in Berlin and many other cities take place. To commemorate all the dead, the missing and disapperad at sea and land borders.

Let's commemorate all the people who have lost their lifes at the deadly and racist European border regime. https://t.co/hxxMm9iosL",37,14,2023-02-06 13:47:43+00:00
seawatch_intl,"After more than 10 months, we are flying again in the Libyan search and rescue zone. Within one week, we could observe illegal pullbacks by the so-called Libyan Coast Guard, and support several NGOs in their rescue operations with valuable information. https://t.co/R7x0BDozb5",62,11,2023-02-04 19:45:11+00:00
seawatch_intl,"We‚Äôve asked some of our crew members a couple of questions to get to know them better.

Introducing Sascha today, one of our engineers: https://t.co/Tq590HPeWN",51,10,2023-02-04 16:08:24+00:00
seawatch_intl,"We are very excited that the #SeaWatch5 is taking her new shape as a rescue ship, and we are working hard to bring her to the Mediterranean Sea as soon as possible!

Support us now with a donation and help us finish the #SeaWatch5: https://t.co/HlelUynAoj https://t.co/frrzMFF9AF",28,8,2023-02-03 17:53:07+00:00
seawatch_intl,The #SeaWatch5 has been in the shipyard in Flensburg since December. Numerous volunteers are converting her into a ready-to-rescue state. Up to 40 people are simultaneously working on the ship at different construction sites. A rescue ship in the making:¬†https://t.co/btItHXXGTz https://t.co/NRbzOc41Ee,48,10,2023-02-03 17:52:38+00:00
seawatch_intl,"Significant critique of Italy's new decree on civil sea rescue by @amnesty!

The Ital. Government must stop the practice of ""distant ports"" and further obstructions of civil sea rescue as well as withdraw the decree law:
https://t.co/rGEybnTqxv",20,11,2023-02-02 16:23:57+00:00
seawatch_intl,"The condemnation of the Council of Europe must now be followed by a strong reaction of the @EU_Commission, of the @Europarl_EN, the European Member States and #EU institutions.

We also call on the Italian government to withdraw its decree immediately!

https://t.co/fsZomNfCSk",24,12,2023-02-02 14:18:55+00:00
seawatch_intl,"The EU Commissioner for Human Rights also noted that assigning ever-more distant ports to civil rescue ships ""prolongs the suffering of people saved at sea and unduly delays the provision of adequate assistance to meet their basic needs.""",16,10,2023-02-02 14:18:55+00:00
seawatch_intl,"In a clear letter of protest the Council of Europe calls upon the Italian government and Interior Minister #Piantedosi to scrap the decree. It violates international maritime law, human rights, and European law: https://t.co/1vTaVfkUIs",27,12,2023-02-02 14:18:54+00:00
seawatch_intl,"The new Italian decree by the far-right government of Giorgia #Meloni not only hinders the rescue of people from distress at sea and will lead to more deaths; it is also illegal.

Now also the Council of Europe urges Italy to withdraw the decree: https://t.co/2R0BKeLuno",102,42,2023-02-02 14:18:53+00:00
seawatch_intl,"The weather over the central Mediterranean has been very bad for the last few days. While our aircrew remained on the ground, @alarm_phone was informed of seven boats that had departed from Tunisia. Three of the boats are still missing. https://t.co/ZKN2Ar7R8B https://t.co/pDyd1ue3Vu",23,16,2023-02-01 17:00:29+00:00
seawatch_intl,"The Safe Passage Foundation has some open positions. They are looking for a Project Manager and a Fundraiser.

The application deadline is 5.2.

https://t.co/usFtY6ALXk",5,3,2023-02-01 12:08:20+00:00
seawatch_intl,"Return them to the Libyan camps from which they are fleeing torture, starvation, human rights abuses, and death.

Instead of more violence, we need safe and legal entry routes.
The agreements between #Italy and #Libya must be ended immediately!",23,7,2023-01-30 14:15:42+00:00
seawatch_intl,"So, once again, the Italian government is preparing to finance, train &amp; support dubious militias that are often criminal &amp; allied with human traffickers. The common goal: to illegally intercept people fleeing across the #Mediterranean and keep them away from #Italy &amp; #Europe.",24,7,2023-01-30 14:15:27+00:00
seawatch_intl,"A few days ago, Italian Prime Minister Giorgia #Meloni flew to #Libya for a meeting to discuss agreements in the areas of gas, economy, and migration.
At the meeting, Meloni said she wanted to strengthen the so-called Libyan Coast Guard further. https://t.co/bP2gSGziPR",103,49,2023-01-30 14:15:19+00:00
seawatch_intl,"On Jan 27, 1945, the Red Army liberated #Auschwitz &amp; revealed the horrors of the concentration camp to the world.

Today, it‚Äôs on all of us to keep the memory alive. Not to look away when injustice happens but to fight against it.

To remember means to act #NeverAgain https://t.co/2CHKWy0Xlu",57,23,2023-01-27 17:34:53+00:00
seawatch_intl,"Today we remember the Shoah and all victims of National Socialism. To remember means fighting so that such crimes can never happen again. Do something - against the Nazis, antisemites, racists, and queer enemies of today. #NeverForget #NeverForgive #WeRemember https://t.co/o4XXf0AtNP",51,13,2023-01-27 10:14:31+00:00
seawatch_intl,"The cowardly goal is to keep civil rescue ships out of the search and rescue zone for as long as possible - accepting further deaths in the #Mediterranean.

We stand in solidarity with the 237 rescued people and with the crew of #GeoBarents!",20,6,2023-01-26 18:38:47+00:00
seawatch_intl,"Recently, numerous civil rescue ships have had to head for ports far away. By systematically refusing to assign a nearby port of safety, Italy is unnecessarily prolonging the suffering of rescued people and disregarding international laws.",19,6,2023-01-26 18:38:46+00:00
seawatch_intl,Once again it's the Italian government violating international law: the relevant authorities have assigned La Spezia as a disembarkation port to the #GeoBarents and the 237 rescued people on board - 100 hours away from the rescue ship's current location. https://t.co/Y5DYpIGNFN,33,12,2023-01-26 18:38:45+00:00
seawatch_intl,"With the support of #Seabird2, the #GeoBarents was able to rescue 69 people on Tuesday. Yesterday, the crew of @MSF_Sea rushed to the aid of two other distress calls from @alarm_phone in their vicinity - fulfilling the duty to render assistance at sea. https://t.co/sYUkoj2rHv",68,21,2023-01-26 18:38:45+00:00
seawatch_intl,"Yesterday again, two things became evident:

1. Cooperation of the civil fleet on the #Mediterranean saves lives.

2. The so-called Libyan Coast Guard, co-financed by the European Union, is trying to prevent this and puts lives at risk.",6,3,2023-01-26 16:15:43+00:00
seawatch_intl,"The second boat we found was fortunately rescued by the #GeoBarents, which was already on its way north.

https://t.co/A6QX3aNkoc",8,5,2023-01-26 16:15:42+00:00
seawatch_intl,"The condition of the inflatable boat was catastrophic. The people had to be evacuated immediately.

Nevertheless, the so-called Libyan Coast Guard tried to prevent a rescue and put the crew of the #OceanViking and the people to be rescued at risk by dangerous maneuvers. https://t.co/mpz2728obQ",11,3,2023-01-26 16:15:41+00:00
seawatch_intl,"Our #Seabird2 was also in operation yesterday and was able to sight two boats in urgent need of rescue. Both gave a distress call to @alarm_phone before.

For four people, any help by @SOSMedIntl came too late. They fell into the water before the rescue boats arrived and drowned. https://t.co/MRvoGX3ywd https://t.co/yiENqQTdXI",18,8,2023-01-26 16:15:40+00:00
seawatch_intl,"Why are you here? ‚ÄúBecause people die,‚Äù says Megges, who is helping to rebuild #SeaWatch5.

It will take some time before our new ship can set off for her first operation. Until then, in this series, you can experience 90 seconds of everyday life on the Sea-Watch 5 in Flensburg. https://t.co/l3XA9AlzvF",38,10,2023-01-25 18:00:31+00:00
seawatch_intl,"We‚Äôve asked some of our crew members a couple of questions to get to know them better.
Introducing Isabell today, one of our Guest Coordinators: https://t.co/DWhUzlKzrZ",37,11,2023-01-25 14:00:35+00:00
seawatch_intl,"@MSF_Sea Footage by @MSF_Sea shows the aggressiveness of the so-called Libyan Coast Guard during a pullback. When #GeoBarents pointed out a person in the water, they were threatened &amp; insulted.
Again, people were illegally returned to Libya, where they face torture, exploitation, &amp; death. https://t.co/Nbsdbuskiv",22,11,2023-01-24 18:26:57+00:00
seawatch_intl,"@MSF_Sea Over the radio, we witnessed other illegal interceptions, with an Italian Air Force aircraft in the vicinity. https://t.co/qRkMerw6CH",22,11,2023-01-24 18:26:08+00:00
seawatch_intl,"We are happy to be back in the air, but our first flight was no reason to celebrate:

Of the three boats we spotted, we could only support the rescue of one of them by @MSF_Sea. The other boats were intercepted by the so-called Libyan Coast Guard. https://t.co/hPUuIXGt7C",100,35,2023-01-24 18:25:33+00:00
seawatch_intl,"Our aerial reconnaissance over the central #Mediterranean is essential. It needs a civilian eye over the place where so much else goes down.
We are flying again and will continue to do. #AintNoBorderHighEnough",14,4,2023-01-24 14:36:03+00:00
seawatch_intl,A time in which the so-called Libyan Coast Guard and other militias brutally abducted people back to #Libya unseen. A time in which human rights abuses and distress cases went undocumented.,17,4,2023-01-24 14:35:54+00:00
seawatch_intl,"After months of unlawful blockade, the #Seabird2 took off again today. Our crew left early in the morning for a flight that hadn't happened like this since March 2022. We could not fly in the Libyan search and rescue zone for almost a year. https://t.co/sQLjCGKSJi",125,27,2023-01-24 14:35:33+00:00
seawatch_intl,"We urgently need electricians (f/m/d) for work on the #Aurora and our new #SeaWatch5.

Apply now at: https://t.co/3QLlROrq8H https://t.co/8zUStosSIz",12,7,2023-01-24 11:16:51+00:00
